{
  "config": {
    "lambda_c": 0.1,
    "lambda_e": 0.02,
    "use_focal": true,
    "use_hard_mining": true,
    "use_residual_skip": true,
    "use_dilated_tcn": false,
    "use_uncertainty_weight": false,
    "epochs": 10,
    "bs": 64,
    "lr": 0.001,
    "direction_mode": "io_embed",
    "description": "v2 best: focal loss + hard mining + residual skip + lambda_c=0.1"
  },
  "seeds": [
    42,
    1337,
    7,
    99,
    2024
  ],
  "in_domain": {
    "precision": {
      "mean": 0.6900417272501873,
      "std": 0.016834080945969953,
      "per_seed": [
        0.722860791826309,
        0.6761800219538968,
        0.6827262044653349,
        0.6805869074492099,
        0.6878547105561862
      ]
    },
    "recall": {
      "mean": 0.7967828418230563,
      "std": 0.024433581533650304,
      "per_seed": [
        0.7587131367292225,
        0.8257372654155496,
        0.7788203753351206,
        0.8083109919571045,
        0.8123324396782842
      ]
    },
    "f1": {
      "mean": 0.7390759453062047,
      "std": 0.006114836098850769,
      "per_seed": [
        0.7403531720078482,
        0.7435123717561859,
        0.7276142767689417,
        0.7389705882352942,
        0.7449293177627535
      ]
    },
    "auc": {
      "mean": 0.9214245799404903,
      "std": 0.0020588808486389975,
      "per_seed": [
        0.9229192936136754,
        0.921003567169419,
        0.9187972603928489,
        0.9245115686473027,
        0.9198912098792054
      ]
    },
    "aupr": {
      "mean": 0.8061076646266925,
      "std": 0.007844648630224724,
      "per_seed": [
        0.8135481074967407,
        0.7947733217190077,
        0.7996303729632208,
        0.8075429987888604,
        0.8150435221656326
      ]
    }
  },
  "hard_auc": {
    "mean": 0.8262756849315067,
    "std": 0.05974482851289693,
    "per_seed": [
      0.776498287671233,
      0.9332833904109589,
      0.8462542808219178,
      0.8040881849315068,
      0.7712542808219178
    ]
  },
  "cross_domain": {
    "auc": 0.7464636688505064,
    "auc_ci": [
      0.7093691594787792,
      0.7780441771482178
    ],
    "aupr": 0.5092885555861413
  },
  "loc_attention": {
    "hit@1": 0.11643835616438356,
    "hit@5": 0.4246575342465753,
    "hit@10": 0.5821917808219178,
    "mrr": 0.25238904861228123,
    "n": 292
  },
  "epoch_losses": [
    [
      0.05082668004514173,
      0.03207690854405248,
      0.025975678982429726,
      0.02186736183804135,
      0.017913605495854173,
      0.01406433028060683,
      0.010576785394791947,
      0.00801815877257045,
      0.005481761575373279,
      0.004374008975397838
    ],
    [
      0.054784066905809004,
      0.03224701955048151,
      0.026520461766699026,
      0.021996094438052456,
      0.018126837174992923,
      0.01391669186265316,
      0.010294466257788414,
      0.008069368582868646,
      0.006222618226135193,
      0.004933277613396735
    ],
    [
      0.05523381941886835,
      0.0324007406744153,
      0.026264145138651825,
      0.021831856117865374,
      0.017546814903183734,
      0.013613964948629917,
      0.009996472904458643,
      0.007446539451822985,
      0.004778199910110426,
      0.00377794467860313
    ],
    [
      0.05262957428430402,
      0.03126461609851482,
      0.025582523119830808,
      0.020693433120153672,
      0.01620760562851332,
      0.012921710919892025,
      0.009897938817956073,
      0.00999932253495032,
      0.006171791950717222,
      0.005559776772387586
    ],
    [
      0.05080983679481717,
      0.03136747385873351,
      0.02558307984280725,
      0.021008948254030803,
      0.017134926608915246,
      0.01327942640217411,
      0.009649250360725578,
      0.007218779882600228,
      0.006320521891182072,
      0.004974158166983533
    ]
  ]
}