{
  "fusion_baseline_attn": {
    "hit@1": 0.801980198019802,
    "hit@5": 0.9405940594059405,
    "hit@10": 0.9504950495049505,
    "mrr": 0.8676288143897569,
    "n": 101
  },
  "fusion_strong_attn": {
    "hit@1": 0.801980198019802,
    "hit@5": 0.9405940594059405,
    "hit@10": 0.9405940594059405,
    "mrr": 0.8652967494551653,
    "n": 101
  },
  "fusion_no_attn": {
    "hit@1": 0.7821782178217822,
    "hit@5": 0.9405940594059405,
    "hit@10": 0.9405940594059405,
    "mrr": 0.8523997127295233,
    "n": 101
  },
  "paired_strong_vs_noattn": {
    "hit@1": {
      "mean_diff": 0.019896039603960393,
      "p_not_better": 0.33425,
      "ci": [
        -0.04950495049504944,
        0.08910891089108908
      ]
    },
    "hit@5": {
      "mean_diff": 0.0,
      "p_not_better": 1.0,
      "ci": [
        0.0,
        0.0
      ]
    },
    "hit@10": {
      "mean_diff": 0.0,
      "p_not_better": 1.0,
      "ci": [
        0.0,
        0.0
      ]
    },
    "mrr": {
      "mean_diff": 0.0129540939065973,
      "p_not_better": 0.250625,
      "ci": [
        -0.022536737201422134,
        0.05056019968162787
      ]
    }
  },
  "paired_strong_vs_baseline": {
    "hit@1": {
      "mean_diff": -0.00012871287128712934,
      "p_not_better": 0.550375,
      "ci": [
        -0.07920792079207917,
        0.07920792079207917
      ]
    },
    "hit@5": {
      "mean_diff": 0.0,
      "p_not_better": 1.0,
      "ci": [
        0.0,
        0.0
      ]
    },
    "hit@10": {
      "mean_diff": -0.0099108910891089,
      "p_not_better": 1.0,
      "ci": [
        -0.02970297029702973,
        0.0
      ]
    },
    "mrr": {
      "mean_diff": -0.002396026847643875,
      "p_not_better": 0.54475,
      "ci": [
        -0.043422390027907494,
        0.04032927071952149
      ]
    }
  },
  "metadata": {
    "protocol": "LOO GBM with sum-minus-i cp_reputation, position feature EXCLUDED",
    "seeds": [
      42,
      1,
      7
    ],
    "timestamp": "2026-07-01 06:20:59"
  }
}