{
  "config": {
    "lambda_c": 0.05,
    "lambda_e": 0.02,
    "use_focal": true,
    "use_hard_mining": true,
    "use_residual_skip": true,
    "use_dilated_tcn": false,
    "use_uncertainty_weight": false,
    "epochs": 10,
    "bs": 64,
    "lr": 0.001,
    "direction_mode": "io_embed",
    "description": "v2 lambda_c=0.05 grid search"
  },
  "seeds": [
    42,
    1337,
    7,
    99,
    2024
  ],
  "in_domain": {
    "precision": {
      "mean": 0.691999039162382,
      "std": 0.019768036564770775,
      "per_seed": [
        0.7032019704433498,
        0.6818181818181818,
        0.6631467793030623,
        0.6900237529691211,
        0.7218045112781954
      ]
    },
    "recall": {
      "mean": 0.796514745308311,
      "std": 0.030678020723575124,
      "per_seed": [
        0.7654155495978552,
        0.824396782841823,
        0.8418230563002681,
        0.7788203753351206,
        0.7721179624664879
      ]
    },
    "f1": {
      "mean": 0.7398161169655715,
      "std": 0.006301834101326133,
      "per_seed": [
        0.7329910141206675,
        0.7463592233009708,
        0.74187832250443,
        0.7317380352644837,
        0.7461139896373057
      ]
    },
    "auc": {
      "mean": 0.9223999305762826,
      "std": 0.0037044702024405783,
      "per_seed": [
        0.9213506857564357,
        0.929660494354721,
        0.9212869158645027,
        0.92038164636768,
        0.9193199105380733
      ]
    },
    "aupr": {
      "mean": 0.8079680765707268,
      "std": 0.005964640905640862,
      "per_seed": [
        0.8072974066046683,
        0.8152117576161227,
        0.8024269714803043,
        0.8006064047766351,
        0.8142978423759039
      ]
    }
  },
  "hard_auc": {
    "mean": 0.8651155821917808,
    "std": 0.03657539206794004,
    "per_seed": [
      0.8317851027397261,
      0.9242294520547947,
      0.8847388698630136,
      0.8606806506849315,
      0.8241438356164386
    ]
  },
  "cross_domain": {
    "auc": 0.7742922958343552,
    "auc_ci": [
      0.7385212236663127,
      0.8067178466184638
    ],
    "aupr": 0.571996436648493
  },
  "loc_attention": {
    "hit@1": 0.11986301369863013,
    "hit@5": 0.8801369863013698,
    "hit@10": 0.934931506849315,
    "mrr": 0.4070546311853024,
    "n": 292
  },
  "epoch_losses": [
    [
      0.04841859439431235,
      0.03163234946686168,
      0.02566087212586819,
      0.021432806560119918,
      0.017460886408509905,
      0.013660323331782291,
      0.010155577667404053,
      0.0074398942080564625,
      0.0057773162698817205,
      0.00403840884594734
    ],
    [
      0.05225126287618349,
      0.032002649733493496,
      0.02613796414590852,
      0.021309070601019747,
      0.01719025284441751,
      0.01315619693419268,
      0.010152316435651725,
      0.00952840477856266,
      0.0062731997851758845,
      0.004163219981426157
    ],
    [
      0.0529629745022502,
      0.03301451894086461,
      0.0268630059089425,
      0.021945595355747746,
      0.01808365437440401,
      0.013859117882282928,
      0.010258153507074472,
      0.007361275428191347,
      0.005818492502818794,
      0.003748007346659379
    ],
    [
      0.05023262507693712,
      0.030941829960360084,
      0.025418764010591562,
      0.021189477853477003,
      0.01643003352246312,
      0.012628836942793325,
      0.009364894060634597,
      0.007107793880344997,
      0.005298111617272763,
      0.004453279158008436
    ],
    [
      0.04848306028302326,
      0.03100247654717329,
      0.025292239559077938,
      0.0206449854339278,
      0.016813027005382748,
      0.013249156823338465,
      0.009449555888382154,
      0.007206773546221124,
      0.004986332114352736,
      0.004040686090390176
    ]
  ]
}