{
  "config": {
    "lambda_c": 0.1,
    "lambda_e": 0.02,
    "use_focal": true,
    "use_hard_mining": true,
    "use_residual_skip": true,
    "use_dilated_tcn": false,
    "use_uncertainty_weight": true,
    "epochs": 10,
    "bs": 64,
    "lr": 0.001,
    "direction_mode": "io_embed",
    "description": "v2 uncertainty weighting: GradNorm-style dynamic loss balance"
  },
  "seeds": [
    42,
    1337,
    7,
    99,
    2024
  ],
  "in_domain": {
    "precision": {
      "mean": 0.6881971556794032,
      "std": 0.037679206927577764,
      "per_seed": [
        0.736986301369863,
        0.7001153402537486,
        0.6582809224318659,
        0.6327568667344863,
        0.7128463476070529
      ]
    },
    "recall": {
      "mean": 0.7938337801608578,
      "std": 0.046485183488886306,
      "per_seed": [
        0.7211796246648794,
        0.8136729222520107,
        0.8418230563002681,
        0.8337801608579088,
        0.7587131367292225
      ]
    },
    "f1": {
      "mean": 0.7350023263279188,
      "std": 0.010974258336477175,
      "per_seed": [
        0.7289972899728997,
        0.7526348419094855,
        0.7388235294117647,
        0.719491035280509,
        0.7350649350649351
      ]
    },
    "auc": {
      "mean": 0.9200021826396002,
      "std": 0.0046298053812411175,
      "per_seed": [
        0.9237252924539838,
        0.9254865248301551,
        0.9209687238264038,
        0.912618812512573,
        0.917211559574885
      ]
    },
    "aupr": {
      "mean": 0.8063141906657683,
      "std": 0.008800391271725641,
      "per_seed": [
        0.8215465701228316,
        0.804956101157911,
        0.8027929497109283,
        0.7945281014310214,
        0.8077472309061482
      ]
    }
  },
  "hard_auc": {
    "mean": 0.8607619863013699,
    "std": 0.07359971122920024,
    "per_seed": [
      0.9075984589041095,
      0.9403681506849314,
      0.7247859589041097,
      0.8624571917808219,
      0.8686001712328767
    ]
  },
  "cross_domain": {
    "auc": 0.7666568861016712,
    "auc_ci": [
      0.7336538505412715,
      0.7975589683521228
    ],
    "aupr": 0.574314219383216
  },
  "loc_attention": {
    "hit@1": 0.13356164383561644,
    "hit@5": 0.3698630136986301,
    "hit@10": 0.523972602739726,
    "mrr": 0.25761602823750807,
    "n": 292
  },
  "epoch_losses": [
    [
      -0.018452700526388578,
      -0.28088492664486864,
      -0.5012494565442551,
      -0.7155824264814687,
      -0.9296648175217385,
      -1.1462569508441658,
      -1.3629114090010177,
      -1.5795955924100653,
      -1.7989301415376886,
      -2.0174506071001983
    ],
    [
      -0.014666782081300437,
      -0.28410792482453723,
      -0.5028195346510688,
      -0.7182644347811854,
      -0.9315494456956553,
      -1.1480056241501209,
      -1.3618764317312906,
      -1.583283124968063,
      -1.804045047870902,
      -2.021322420585987
    ],
    [
      -0.011150028422301592,
      -0.28508766452933465,
      -0.505543166676233,
      -0.7206689535185348,
      -0.9355084344398144,
      -1.151337052500525,
      -1.3702714332314425,
      -1.590928327760031,
      -1.8084935277007348,
      -2.0245058935742044
    ],
    [
      -0.01799281978503216,
      -0.28372436508882876,
      -0.5031652679277021,
      -0.718986056571783,
      -0.9348130384156871,
      -1.1493548293446385,
      -1.36720010790714,
      -1.5863919308019239,
      -1.8021359571190767,
      -2.0166848254758256
    ],
    [
      -0.01947799344482117,
      -0.2861862176379492,
      -0.5042422115802765,
      -0.7192155217015466,
      -0.9340212927308194,
      -1.1502222038978753,
      -1.3673487785250642,
      -1.5865663173586824,
      -1.8105959526328153,
      -2.0291413528974664
    ]
  ]
}