{
  "config": {
    "lambda_c": 0.1,
    "lambda_e": 0.06,
    "use_focal": true,
    "use_hard_mining": true,
    "use_residual_skip": true,
    "use_dilated_tcn": false,
    "use_uncertainty_weight": false,
    "epochs": 10,
    "bs": 64,
    "lr": 0.001,
    "direction_mode": "io_embed",
    "description": "v2 lambda_e=0.06 grid search"
  },
  "seeds": [
    42,
    1337,
    7,
    99,
    2024
  ],
  "in_domain": {
    "precision": {
      "mean": 0.6970497463433261,
      "std": 0.011970615172513417,
      "per_seed": [
        0.7003654080389768,
        0.6930917327293318,
        0.6816143497757847,
        0.6923937360178971,
        0.7177835051546392
      ]
    },
    "recall": {
      "mean": 0.796514745308311,
      "std": 0.032142524858447055,
      "per_seed": [
        0.7707774798927614,
        0.8203753351206434,
        0.8150134048257373,
        0.8297587131367292,
        0.7466487935656837
      ]
    },
    "f1": {
      "mean": 0.7428892165246053,
      "std": 0.009134938049747049,
      "per_seed": [
        0.7338864071474155,
        0.7513812154696132,
        0.7423687423687424,
        0.7548780487804878,
        0.7319316688567674
      ]
    },
    "auc": {
      "mean": 0.9230845693954481,
      "std": 0.0025864112992893006,
      "per_seed": [
        0.9185954319719886,
        0.9260400737889966,
        0.9236582354542191,
        0.924937577822278,
        0.9221915279397591
      ]
    },
    "aupr": {
      "mean": 0.8092495936338544,
      "std": 0.0055205212837216,
      "per_seed": [
        0.8055669212629372,
        0.8032736517036609,
        0.8060490950252563,
        0.8134224672665564,
        0.8179358329108612
      ]
    }
  },
  "hard_auc": {
    "mean": 0.8683261986301369,
    "std": 0.07424194710251487,
    "per_seed": [
      0.847923801369863,
      0.9478167808219178,
      0.8758347602739726,
      0.9313356164383562,
      0.7387200342465754
    ]
  },
  "cross_domain": {
    "auc": 0.7639394947973233,
    "auc_ci": [
      0.7273611491272963,
      0.7987163631759092
    ],
    "aupr": 0.60457632015711
  },
  "loc_attention": {
    "hit@1": 0.8561643835616438,
    "hit@5": 0.9897260273972602,
    "hit@10": 0.9931506849315068,
    "mrr": 0.915280495759948,
    "n": 292
  },
  "epoch_losses": [
    [
      0.05827232495296833,
      0.03240126042171966,
      0.026434689872833185,
      0.022325766060587973,
      0.018206865195358215,
      0.014459285231003928,
      0.010912279046118953,
      0.008071400014531993,
      0.006077475894545746,
      0.0044413871478376004
    ],
    [
      0.06819343997468783,
      0.03612387321542862,
      0.028921155423619026,
      0.023784926797934744,
      0.018990582647885,
      0.015187303072144819,
      0.011146595599779556,
      0.008118915140932036,
      0.005982865077757472,
      0.004415926226512204
    ],
    [
      0.0630424148987892,
      0.03365617772174436,
      0.027464126691568728,
      0.022476201734050762,
      0.018781323739609054,
      0.01452158719604445,
      0.011177138826095088,
      0.00796830861526,
      0.00609093077513281,
      0.00450344201106968
    ],
    [
      0.0661076775816984,
      0.03510665787860404,
      0.02846395270249178,
      0.02280728374282981,
      0.017990796324298824,
      0.01423556737731709,
      0.010847169172755161,
      0.008269734101283342,
      0.005664853577577877,
      0.004936567589716423
    ],
    [
      0.055935059531137,
      0.030855527619809607,
      0.025330512195305768,
      0.021017071271185263,
      0.017329275148899058,
      0.013274986653177197,
      0.00980378142774625,
      0.007641372218089135,
      0.005005358551293178,
      0.00415695639893001
    ]
  ]
}