{
  "config": {
    "lambda_c": 0.1,
    "lambda_e": 0.02,
    "use_focal": true,
    "use_hard_mining": true,
    "use_residual_skip": true,
    "use_dilated_tcn": true,
    "use_uncertainty_weight": false,
    "epochs": 10,
    "bs": 64,
    "lr": 0.001,
    "direction_mode": "io_embed",
    "description": "v2 dilated TCN: wider receptive field for DeFi/KOL patterns"
  },
  "seeds": [
    42,
    1337,
    7,
    99,
    2024
  ],
  "in_domain": {
    "precision": {
      "mean": 0.7040416854863591,
      "std": 0.015563370074326201,
      "per_seed": [
        0.7278820375335121,
        0.707196029776675,
        0.7099514563106796,
        0.6929046563192904,
        0.6822742474916388
      ]
    },
    "recall": {
      "mean": 0.7868632707774799,
      "std": 0.03930152260138673,
      "per_seed": [
        0.7278820375335121,
        0.7640750670241286,
        0.7841823056300268,
        0.8378016085790885,
        0.8203753351206434
      ]
    },
    "f1": {
      "mean": 0.7422229786159356,
      "std": 0.010451105944435353,
      "per_seed": [
        0.7278820375335121,
        0.7345360824742269,
        0.7452229299363057,
        0.758495145631068,
        0.7449786975045648
      ]
    },
    "auc": {
      "mean": 0.926651475845674,
      "std": 0.005307414802259942,
      "per_seed": [
        0.9223131509295283,
        0.9210292066105052,
        0.9310299034773656,
        0.9347180384644209,
        0.9241670797465509
      ]
    },
    "aupr": {
      "mean": 0.8202188658427658,
      "std": 0.011179747373917448,
      "per_seed": [
        0.8115743700477258,
        0.8060942656382873,
        0.8316961768223761,
        0.8346744475199283,
        0.8170550691855111
      ]
    }
  },
  "hard_auc": {
    "mean": 0.7754580479452056,
    "std": 0.05329657946743223,
    "per_seed": [
      0.7496147260273973,
      0.8319991438356166,
      0.6900684931506849,
      0.8306506849315067,
      0.7749571917808218
    ]
  },
  "cross_domain": {
    "auc": 0.7759060890586132,
    "auc_ci": [
      0.7379975959029228,
      0.8114909805621078
    ],
    "aupr": 0.608327836082332
  },
  "loc_attention": {
    "hit@1": 0.09931506849315068,
    "hit@5": 0.9794520547945206,
    "hit@10": 0.9931506849315068,
    "mrr": 0.40252512898060844,
    "n": 292
  },
  "epoch_losses": [
    [
      0.05246449249774911,
      0.030415713561828747,
      0.024744714207427448,
      0.020081700315309127,
      0.01594457226090653,
      0.011100498298832844,
      0.008101211729741027,
      0.005994875711757083,
      0.005431823745142495,
      0.00441452014763558
    ],
    [
      0.05200210237918898,
      0.030259998021430746,
      0.024226067869295907,
      0.019111972579429315,
      0.014470280001892946,
      0.010542874761618847,
      0.006295725322317679,
      0.004209669483866175,
      0.003297069682712602,
      0.0019401631009735188
    ],
    [
      0.05242182817743268,
      0.029956756462884503,
      0.023916595481162848,
      0.018564277620942787,
      0.014217447277245134,
      0.010038256556943579,
      0.00715443619830144,
      0.004933927094477208,
      0.003017206093144798,
      0.002084775121651081
    ],
    [
      0.0533811331575,
      0.03104810774499594,
      0.025161172258992528,
      0.019785777245496596,
      0.015120786081912906,
      0.01077506119428679,
      0.007894669144501,
      0.005447882959391749,
      0.003680248847867492,
      0.0031338396792836096
    ],
    [
      0.05220588777474193,
      0.03002484406582838,
      0.024499584470204144,
      0.019865720376892146,
      0.015134520581815131,
      0.01256848918923805,
      0.008512517839107055,
      0.006540668949614777,
      0.004261661488508675,
      0.0031294444605686465
    ]
  ]
}