{
  "config": {
    "lambda_c": 0.2,
    "lambda_e": 0.02,
    "use_focal": true,
    "use_hard_mining": true,
    "use_residual_skip": true,
    "use_dilated_tcn": false,
    "use_uncertainty_weight": false,
    "epochs": 10,
    "bs": 64,
    "lr": 0.001,
    "direction_mode": "io_embed",
    "description": "v2 lambda_c=0.20 grid search"
  },
  "seeds": [
    42,
    1337,
    7,
    99,
    2024
  ],
  "in_domain": {
    "precision": {
      "mean": 0.6974648702419868,
      "std": 0.014494121341278183,
      "per_seed": [
        0.7137404580152672,
        0.6717892425905598,
        0.7019002375296912,
        0.6930817610062893,
        0.7068126520681265
      ]
    },
    "recall": {
      "mean": 0.7764075067024129,
      "std": 0.029028799321478088,
      "per_seed": [
        0.7520107238605898,
        0.8203753351206434,
        0.792225201072386,
        0.7386058981233244,
        0.7788203753351206
      ]
    },
    "f1": {
      "mean": 0.7343168645285993,
      "std": 0.010366259809652993,
      "per_seed": [
        0.7323759791122716,
        0.7386843693421846,
        0.7443324937027708,
        0.7151200519143414,
        0.7410714285714286
      ]
    },
    "auc": {
      "mean": 0.9210885060357873,
      "std": 0.0032528219242014904,
      "per_seed": [
        0.9181740247479775,
        0.9227792628200492,
        0.9264299247778243,
        0.9205367978573317,
        0.9175225199757543
      ]
    },
    "aupr": {
      "mean": 0.8063458065876266,
      "std": 0.005698382592215719,
      "per_seed": [
        0.8072898777155609,
        0.7988265926717509,
        0.8162977612032203,
        0.8049616562394932,
        0.8043531451081063
      ]
    }
  },
  "hard_auc": {
    "mean": 0.8487714041095892,
    "std": 0.048796164256126755,
    "per_seed": [
      0.8525042808219178,
      0.9163099315068494,
      0.8629280821917807,
      0.8477739726027398,
      0.7643407534246576
    ]
  },
  "cross_domain": {
    "auc": 0.7848224608485443,
    "auc_ci": [
      0.7505661634477023,
      0.8161352270777787
    ],
    "aupr": 0.5762210238129112
  },
  "loc_attention": {
    "hit@1": 0.14383561643835616,
    "hit@5": 0.4280821917808219,
    "hit@10": 0.6095890410958904,
    "mrr": 0.27090509401043983,
    "n": 292
  },
  "epoch_losses": [
    [
      0.055389884339515555,
      0.03281896557918815,
      0.026827929017328937,
      0.02266567948945733,
      0.01899714542682781,
      0.015117449638282144,
      0.011477927657840557,
      0.008779068428719805,
      0.006400350101703648,
      0.004666197217112884
    ],
    [
      0.0598417978733778,
      0.0327148127217972,
      0.02732073068185601,
      0.022744090755491754,
      0.018685548791531906,
      0.014603851536332174,
      0.011221149372110186,
      0.008929326648412401,
      0.007232340140982943,
      0.0048395745207144075
    ],
    [
      0.059996665797607845,
      0.03271709649368774,
      0.026720805418526016,
      0.02222267604584611,
      0.018288634197656497,
      0.014049182175983523,
      0.010772111551121398,
      0.008112115827713942,
      0.006416099992862275,
      0.004361655292924233
    ],
    [
      0.058058764534287675,
      0.03255775384604931,
      0.026829525295558362,
      0.02198549082805944,
      0.017478782848216766,
      0.014710071734910788,
      0.011573564187558585,
      0.008606008480324648,
      0.00676096010530844,
      0.005607958524054739
    ],
    [
      0.05538616947136646,
      0.03194042009323142,
      0.025972591479157293,
      0.0213721189388009,
      0.01737993894318162,
      0.013681656213174033,
      0.010167532257172604,
      0.007556636759816387,
      0.0052646585949967335,
      0.004540951190811452
    ]
  ]
}