{
  "metadata": {
    "seeds": [
      42,
      7
    ],
    "epochs": 8,
    "device": "cpu",
    "timestamp": "2026-07-01 18:36:19",
    "note": "position feature excluded from all configs (anti-leakage)"
  },
  "A_contrastive_loss": {
    "contrast_0.0": {
      "f1": {
        "mean": 0.7311207311207311,
        "std": 0.0065416065416065705,
        "per_seed": [
          0.7376623376623377,
          0.7245791245791245
        ]
      },
      "auc": {
        "mean": 0.9189277585737634,
        "std": 7.33025046446012e-05,
        "per_seed": [
          0.919001061078408,
          0.9188544560691188
        ]
      },
      "aupr": {
        "mean": 0.8057007036277928,
        "std": 0.00039118962319728556,
        "per_seed": [
          0.8053095140045955,
          0.8060918932509901
        ]
      },
      "config": {
        "contrast_weight": 0.0,
        "direction_mode": "io_embed"
      }
    },
    "contrast_0.1": {
      "f1": {
        "mean": 0.7367397783866361,
        "std": 0.003762475315875091,
        "per_seed": [
          0.7405022537025112,
          0.732977303070761
        ]
      },
      "auc": {
        "mean": 0.9213378660358926,
        "std": 0.0020810679681860234,
        "per_seed": [
          0.9192567980677065,
          0.9234189340040786
        ]
      },
      "aupr": {
        "mean": 0.8094694759606862,
        "std": 0.006216145616869839,
        "per_seed": [
          0.8032533303438164,
          0.8156856215775561
        ]
      },
      "config": {
        "contrast_weight": 0.1,
        "direction_mode": "io_embed"
      }
    },
    "contrast_0.3": {
      "f1": {
        "mean": 0.7349688712584512,
        "std": 0.013569140437455218,
        "per_seed": [
          0.7485380116959064,
          0.721399730820996
        ]
      },
      "auc": {
        "mean": 0.9189678612893089,
        "std": 0.00024291726875524944,
        "per_seed": [
          0.9192107785580641,
          0.9187249440205536
        ]
      },
      "aupr": {
        "mean": 0.8076836016328746,
        "std": 1.026370399087595e-05,
        "per_seed": [
          0.8076938653368654,
          0.8076733379288836
        ]
      },
      "config": {
        "contrast_weight": 0.3,
        "direction_mode": "io_embed"
      }
    },
    "contrast_0.5": {
      "f1": {
        "mean": 0.7279578609768591,
        "std": 0.006601928773469379,
        "per_seed": [
          0.7345597897503285,
          0.7213559322033898
        ]
      },
      "auc": {
        "mean": 0.9188547847799018,
        "std": 0.0004795890326305119,
        "per_seed": [
          0.9183751957472713,
          0.9193343738125324
        ]
      },
      "aupr": {
        "mean": 0.8081018307840258,
        "std": 0.0018214972128081652,
        "per_seed": [
          0.8062803335712176,
          0.809923327996834
        ]
      },
      "config": {
        "contrast_weight": 0.5,
        "direction_mode": "io_embed"
      }
    }
  },
  "B_backbone_ablation": {
    "full_model": {
      "f1": {
        "mean": 0.7349688712584512,
        "std": 0.013569140437455218,
        "per_seed": [
          0.7485380116959064,
          0.721399730820996
        ]
      },
      "auc": {
        "mean": 0.9189678612893089,
        "std": 0.00024291726875524944,
        "per_seed": [
          0.9192107785580641,
          0.9187249440205536
        ]
      },
      "aupr": {
        "mean": 0.8076836016328746,
        "std": 1.026370399087595e-05,
        "per_seed": [
          0.8076938653368654,
          0.8076733379288836
        ]
      },
      "config": {
        "contrast_weight": 0.3,
        "direction_mode": "io_embed",
        "use_tcn": true,
        "use_cp_embed": true
      }
    },
    "no_tcn": {
      "f1": {
        "mean": 0.7220662793969957,
        "std": 0.003632788512458296,
        "per_seed": [
          0.725699067909454,
          0.7184334908845375
        ]
      },
      "auc": {
        "mean": 0.9225567256198499,
        "std": 0.002760841867760988,
        "per_seed": [
          0.9253175674876108,
          0.9197958837520889
        ]
      },
      "aupr": {
        "mean": 0.8199589949398969,
        "std": 0.005272654870067228,
        "per_seed": [
          0.8252316498099641,
          0.8146863400698297
        ]
      },
      "config": {
        "contrast_weight": 0.3,
        "direction_mode": "io_embed",
        "use_tcn": false,
        "use_cp_embed": true
      }
    },
    "no_cp_embed": {
      "f1": {
        "mean": 0.5672817418748252,
        "std": 0.0017441866465482958,
        "per_seed": [
          0.5655375552282769,
          0.5690259285213735
        ]
      },
      "auc": {
        "mean": 0.8182249091772106,
        "std": 0.001424632534215431,
        "per_seed": [
          0.8168002766429951,
          0.819649541711426
        ]
      },
      "aupr": {
        "mean": 0.6346903202896002,
        "std": 0.0013684240330075204,
        "per_seed": [
          0.6333218962565926,
          0.6360587443226077
        ]
      },
      "config": {
        "contrast_weight": 0.3,
        "direction_mode": "io_embed",
        "use_tcn": true,
        "use_cp_embed": false
      }
    },
    "no_io_embed": {
      "f1": {
        "mean": 0.716060069512755,
        "std": 0.0023345793166765216,
        "per_seed": [
          0.7183946488294315,
          0.7137254901960784
        ]
      },
      "auc": {
        "mean": 0.9088803847756943,
        "std": 0.0010686387560532307,
        "per_seed": [
          0.9099490235317476,
          0.9078117460196411
        ]
      },
      "aupr": {
        "mean": 0.7781267140621434,
        "std": 0.0018917841336884011,
        "per_seed": [
          0.776234929928455,
          0.7800184981958318
        ]
      },
      "config": {
        "contrast_weight": 0.3,
        "direction_mode": "none",
        "use_tcn": true,
        "use_cp_embed": true
      }
    },
    "hardmask_io": {
      "f1": {
        "mean": 0.716060069512755,
        "std": 0.0023345793166765216,
        "per_seed": [
          0.7183946488294315,
          0.7137254901960784
        ]
      },
      "auc": {
        "mean": 0.9088803847756943,
        "std": 0.0010686387560532307,
        "per_seed": [
          0.9099490235317476,
          0.9078117460196411
        ]
      },
      "aupr": {
        "mean": 0.7781267140621434,
        "std": 0.0018917841336884011,
        "per_seed": [
          0.776234929928455,
          0.7800184981958318
        ]
      },
      "config": {
        "contrast_weight": 0.3,
        "direction_mode": "hardmask",
        "use_tcn": true,
        "use_cp_embed": true
      }
    }
  },
  "C_entropy_lambda": {
    "lambda_0.00": {
      "f1": {
        "mean": 0.7349688712584512,
        "std": 0.013569140437455218,
        "per_seed": [
          0.7485380116959064,
          0.721399730820996
        ]
      },
      "auc": {
        "mean": 0.9189678612893089,
        "std": 0.00024291726875524944,
        "per_seed": [
          0.9192107785580641,
          0.9187249440205536
        ]
      },
      "aupr": {
        "mean": 0.8076836016328746,
        "std": 1.026370399087595e-05,
        "per_seed": [
          0.8076938653368654,
          0.8076733379288836
        ]
      },
      "config": {
        "contrast_weight": 0.3,
        "direction_mode": "io_embed",
        "entropy_lambda": 0.0
      }
    },
    "lambda_0.10": {
      "f1": {
        "mean": 0.7062405850468012,
        "std": 0.006630702081911688,
        "per_seed": [
          0.7128712871287128,
          0.6996098829648895
        ]
      },
      "auc": {
        "mean": 0.9114380833794624,
        "std": 0.00578136525421824,
        "per_seed": [
          0.9172194486336807,
          0.9056567181252442
        ]
      },
      "aupr": {
        "mean": 0.7879440752568502,
        "std": 0.014493225776646357,