{
  "hit@1": [
    0.8118811881188119,
    0.0
  ],
  "mrr": [
    0.8758458703013158,
    0.0
  ],
  "per_seed_h1": [
    0.8118811881188119,
    0.8118811881188119,
    0.8118811881188119,
    0.8118811881188119,
    0.8118811881188119
  ],
  "n_bags": 101
}