{
  "counts": {
    "train": 11136,
    "test": 2785,
    "cross_pos": 292,
    "cross_neg": 1564
  },
  "feature_names": [
    "mean_amt",
    "std_amt",
    "max_amt",
    "mean_dt",
    "std_dt",
    "log_n",
    "outbound_ratio",
    "unique_cp_ratio",
    "io_asymmetry",
    "burst_drain",
    "hhi",
    "zero_out_ratio",
    "inbound_ratio",
    "inbound_val_frac",
    "max_out_frac",
    "temporal_burst",
    "cp_repeat",
    "top3_conc",
    "skew",
    "kurt",
    "recency_out",
    "early_out",
    "late_out",
    "max_consec_out",
    "ibo_score",
    "log_ntx"
  ],
  "n_features": 26,
  "ensemble_multi_seed": {
    "in_domain": {
      "f1": [
        0.7279990291572307,
        0.0031623010954560725
      ],
      "f1_ci": [
        0.7249890157295381,
        0.730509085864891
      ],
      "auc": [
        0.9071244775142102,
        0.00027681682599802057
      ],
      "auc_ci": [
        0.9068682145876586,
        0.9073642391594472
      ],
      "threshold_mean": 0.54
    },
    "hard_auc": {
      "mean": 0.6128595890410959,
      "std": 0.007545407362426892,
      "ci": [
        0.6059760273972602,
        0.6191438356164384
      ],
      "per_seed": [
        0.6222602739726029,
        0.6023116438356164,
        0.6167808219178083,
        0.605736301369863,
        0.6172089041095891
      ]
    },
    "x_auc": {
      "mean": 0.9482986196265285,
      "std": 0.002183306514769674,
      "ci": [
        0.9463785669866517,
        0.9501608975931051
      ],
      "per_seed": [
        0.9481068037697509,
        0.9473688820376276,
        0.9512511824265145,
        0.9498870125775145,
        0.9448792173212347
      ]
    },
    "seeds": [
      42,
      1337,
      7,
      99,
      2024
    ]
  },
  "ensemble_best": {
    "seed": 7,
    "in_domain": {
      "precision": 0.6822429906542056,
      "recall": 0.7828418230563002,
      "f1": 0.7290886392009988,
      "auc": 0.9074781045747338,
      "aupr": 0.7906230604290128,
      "threshold": 0.5700000000000001
    },
    "cross_domain": {
      "auc": 0.9512511824265145,
      "auc_ci": [
        0.9415248868804763,
        0.960006570679212
      ],
      "aupr": 0.7755128489859947,
      "by_source": {
        "ptx_benign": {
          "auc": 0.6167808219178083,
          "aupr": 0.8706689740254747,
          "n_neg": 80
        },
        "normal_eoa": {
          "auc": 0.9749643049290235,
          "aupr": 0.8930319789875429,
          "n_neg": 1324
        }
      },
      "stratified": {
        "3-20": {
          "auc": 0.9728093257505022,
          "n": 1363
        },
        "20-100": {
          "auc": 0.9228929224708035,
          "n": 241
        },
        "100+": {
          "auc": 0.7570117125672682,
          "n": 252
        }
      }
    }
  },
  "abl_lgbm_only": {
    "f1": [
      0.7196514995480414,
      0.003028382333412851
    ],
    "hard_auc": [
      0.5956849315068493,
      0.012375867269935297
    ]
  },
  "abl_8feat_lgbm": {
    "f1": [
      0.7032466070562615,
      0.0014225406716740056
    ],
    "hard_auc": [
      0.5428339041095891,
      0.011600619843217702
    ]
  },
  "significance": {
    "hard_auc_ensemble_vs_8feat": {
      "mann_whitney_U": 25.0,
      "p_value": 0.003968253968253968,
      "ensemble_mean": 0.6128595890410959,
      "baseline_mean": 0.5428339041095891
    }
  },
  "feature_importance": {
    "mean_amt": 960.0,
    "std_amt": 906.0,
    "max_amt": 783.0,
    "mean_dt": 1381.0,
    "std_dt": 1441.0,
    "log_n": 537.0,
    "outbound_ratio": 99.0,
    "unique_cp_ratio": 640.0,
    "io_asymmetry": 846.0,
    "burst_drain": 885.0,
    "hhi": 537.0,
    "zero_out_ratio": 579.0,
    "inbound_ratio": 15.0,
    "inbound_val_frac": 0.0,
    "max_out_frac": 148.0,
    "temporal_burst": 700.0,
    "cp_repeat": 281.0,
    "top3_conc": 338.0,
    "skew": 621.0,
    "kurt": 699.0,
    "recency_out": 14.0,
    "early_out": 1.0,
    "late_out": 0.0,
    "max_consec_out": 0.0,
    "ibo_score": 0.0,
    "log_ntx": 92.0
  }
}