{
  "protocol": "LOO_artifact_removed",
  "n_valid_bags": 101,
  "baselines": {
    "recency": {
      "hit@1": 0.693069306930693,
      "hit@5": 0.9207920792079208,
      "hit@10": 0.9306930693069307,
      "mrr": 0.799140018669645,
      "n": 101
    },
    "amount": {
      "hit@1": 0.3465346534653465,
      "hit@5": 0.5445544554455446,
      "hit@10": 0.6138613861386139,
      "mrr": 0.43477937027546404,
      "n": 101
    }
  },
  "lambdamart_multi_seed": {
    "hit@1": [
      0.996039603960396,
      0.004850474738184516
    ],
    "hit@5": [
      1.0,
      0.0
    ],
    "hit@10": [
      1.0,
      0.0
    ],
    "mrr": [
      0.998019801980198,
      0.002425237369092258
    ],
    "per_seed_h1": [
      1.0,
      1.0,
      0.9900990099009901,
      1.0,
      0.9900990099009901
    ],
    "per_seed_mrr": [
      1.0,
      1.0,
      0.995049504950495,
      1.0,
      0.995049504950495
    ],
    "seeds": [
      42,
      1337,
      7,
      99,
      2024
    ]
  },
  "gbm_classifier_multi_seed": {
    "hit@1": [
      0.996039603960396,
      0.004850474738184515
    ],
    "hit@5": [
      1.0,
      0.0
    ],
    "hit@10": [
      1.0,
      0.0
    ],
    "mrr": [
      0.9974257425742575,
      0.0032897520249180524
    ]
  },
  "ablation_no_cp_rep": {
    "hit@1": 0.8118811881188119,
    "hit@5": 0.9504950495049505,
    "hit@10": 0.9702970297029703,
    "mrr": 0.8810082136033153,
    "n": 101
  },
  "best_seed_ci": {
    "seed": 42,
    "hit@1": 1.0,
    "hit@5": 1.0,
    "hit@10": 1.0,
    "mrr": 1.0,
    "n": 101,
    "hit@1_ci": [
      1.0,
      1.0
    ],
    "hit@5_ci": [
      1.0,
      1.0
    ],
    "hit@10_ci": [
      1.0,
      1.0
    ],
    "mrr_ci": [
      1.0,
      1.0
    ]
  },
  "significance_vs_recency": {
    "hit@1_wilcoxon_stat": 496.0,
    "hit@1_p_value": 1.2901421520802082e-08,
    "mean_diff": 0.3069306930693069
  }
}