{
  "id_f1": [
    0.7439770640171346,
    0.005205998626272585
  ],
  "hard_auc": [
    0.6964083904109589,
    0.14759675750380047
  ],
  "x_auc": [
    0.9812395113764977,
    0.009366899089338358
  ],
  "ensemble_hard_auc": 0.8566352739726028,
  "ensemble_x_auc": 0.991645689419662,
  "ensemble_id_f1": 0.8004836759371221
}