{
  "lean_gbm_full": {
    "hit@1": 1.0,
    "hit@5": 1.0,
    "hit@10": 1.0,
    "mrr": 1.0,
    "n": 101
  },
  "lean_gbm_no_rep": {
    "hit@1": 0.7524752475247525,
    "hit@5": 0.9405940594059405,
    "hit@10": 0.9603960396039604,
    "mrr": 0.8363204565798196,
    "n": 101
  },
  "recency": {
    "hit@1": 0.693069306930693,
    "hit@5": 0.9207920792079208,
    "hit@10": 0.9306930693069307,
    "mrr": 0.799140018669645,
    "n": 101
  }
}