{
  "fixed_gbm_test": {
    "hit@1": 0.7619047619047619,
    "hit@5": 0.9047619047619048,
    "hit@10": 0.9523809523809523,
    "mrr": 0.8439153439153438,
    "n": 21
  },
  "fixed_gbm_train": {
    "hit@1": 1.0,
    "hit@5": 1.0,
    "hit@10": 1.0,
    "mrr": 1.0,
    "n": 80
  },
  "recency_test": {
    "hit@1": 0.6666666666666666,
    "hit@5": 0.9047619047619048,
    "mrr": 0.7910216718266253
  }
}