{
  "counts": {
    "train": 11136,
    "test": 2785,
    "cross_pos": 292,
    "cross_neg": 1564
  },
  "lean_mlp": {
    "in_domain": {
      "precision": [
        0.5868725868725869,
        0.0
      ],
      "recall": [
        0.4075067024128686,
        0.0
      ],
      "f1": [
        0.4810126582278481,
        0.0
      ],
      "auc": [
        0.7954541270953668,
        0.0
      ],
      "aupr": [
        0.5455201155420358,
        0.0
      ]
    },
    "cross_domain": {
      "auc": 0.8315874294923449,
      "auc_ci": [
        0.8091245884272938,
        0.8522914352025504
      ],
      "aupr": 0.4192872413551705,
      "by_source": {
        "ptx_benign": {
          "auc": 0.24576198630136986,
          "aupr": 0.6713351131862555,
          "n_neg": 80
        },
        "normal_eoa": {
          "auc": 0.8926121549476472,
          "aupr": 0.6457168114433143,
          "n_neg": 1324
        }
      },
      "stratified": {
        "3-20": {
          "auc": 0.7456356279885692,
          "n": 1363
        },
        "20-100": {
          "auc": 0.3585901224145209,
          "n": 241
        },
        "100+": {
          "auc": 0.43190883190883195,
          "n": 252
        }
      }
    }
  },
  "abl_no_margin": {
    "cross_domain": {
      "auc": 0.8322837473285919,
      "auc_ci": [
        0.8100748091855381,
        0.8532459103795086
      ],
      "aupr": 0.4183295490978312,
      "by_source": {
        "ptx_benign": {
          "auc": 0.2466181506849315,
          "aupr": 0.6717071611946194,
          "n_neg": 80
        },
        "normal_eoa": {
          "auc": 0.894285684724579,
          "aupr": 0.6463285217081814,
          "n_neg": 1324
        }
      },
      "stratified": {
        "3-20": {
          "auc": 0.7506436918201623,
          "n": 1363
        },
        "20-100": {
          "auc": 0.3583087097228085,
          "n": 241
        },
        "100+": {
          "auc": 0.427920227920228,
          "n": 252
        }
      }
    }
  },
  "rf_baseline": {
    "in_domain": {
      "precision": [
        0.7186963979416809,
        0.0
      ],
      "recall": [
        0.561662198391421,
        0.0
      ],
      "f1": [
        0.6305492851768246,
        0.0
      ],
      "auc": [
        0.8833175333016894,
        0.0
      ],
      "aupr": [
        0.739153494895236,
        0.0
      ]
    },
    "cross_domain": {
      "auc": 0.8714549101355848,
      "auc_ci": [
        0.8521611641784942,
        0.8898001737123521
      ],
      "aupr": 0.5817070950991572,
      "by_source": {
        "ptx_benign": {
          "auc": 0.4513698630136986,
          "aupr": 0.7884051246327829,
          "n_neg": 80
        },
        "normal_eoa": {
          "auc": 0.9021049745478624,
          "aupr": 0.7146991798682509,
          "n_neg": 1324
        }
      },
      "stratified": {
        "3-20": {
          "auc": 0.8405483405483406,
          "n": 1363
        },
        "20-100": {
          "auc": 0.6910792176727171,
          "n": 241
        },
        "100+": {
          "auc": 0.5992402659069326,
          "n": 252
        }
      }
    }
  }
}