{
  "mil": {
    "Max-pool MIL": {
      "id_f1": {
        "mean": 0.7457104454369018,
        "std": 0.009605866701862002,
        "per_seed": [
          0.7364074328974536,
          0.7596996245306633,
          0.7341269841269841,
          0.752411575562701,
          0.7459066100667071
        ],
        "ci_low": 0.7378511785772104,
        "ci_high": 0.754025802050687
      },
      "id_auc": {
        "mean": 0.9304258645422306,
        "std": 0.004705599730791839,
        "per_seed": [
          0.9372208423674013,
          0.9321008432089009,
          0.9246943318427394,
          0.9326017984424366,
          0.9255115068496754
        ],
        "ci_low": 0.926502504118746,
        "ci_high": 0.9343492249657153
      },
      "x_auc": {
        "mean": 0.9988499979307205,
        "std": 0.0010949336255326404,
        "per_seed": [
          0.9971676737160121,
          0.9979384803211522,
          0.999544758515085,
          0.9996456358895832,
          0.99995344121177
        ],
        "ci_low": 0.9978789885361916,
        "ci_high": 0.9997485825435583
      },
      "hard_auc": {
        "mean": 0.8396960616438356,
        "std": 0.10055696504565331,
        "per_seed": [
          0.850492294520548,
          0.863056506849315,
          0.6474743150684931,
          0.9036494006849315,
          0.9338077910958903
        ],
        "ci_low": 0.7418257705479452,
        "ci_high": 0.9111130136986301
      },
      "hit@1": {
        "mean": 0.3564356435643564,
        "std": 0.0,
        "per_seed": [
          0.3564356435643564,
          0.3564356435643564,
          0.3564356435643564,
          0.3564356435643564,
          0.3564356435643564
        ],
        "ci_low": 0.3564356435643564,
        "ci_high": 0.3564356435643564
      },
      "hit@5": {
        "mean": 0.504950495049505,
        "std": 0.0,
        "per_seed": [
          0.504950495049505,
          0.504950495049505,
          0.504950495049505,
          0.504950495049505,
          0.504950495049505
        ],
        "ci_low": 0.504950495049505,
        "ci_high": 0.504950495049505
      },
      "hit@10": {
        "mean": 0.5841584158415841,
        "std": 0.0,
        "per_seed": [
          0.5841584158415841,
          0.5841584158415841,
          0.5841584158415841,
          0.5841584158415841,
          0.5841584158415841
        ],
        "ci_low": 0.5841584158415841,
        "ci_high": 0.5841584158415841
      },
      "mrr": {
        "mean": 0.4295765531790273,
        "std": 5.551115123125783e-17,
        "per_seed": [
          0.4295765531790274,
          0.4295765531790274,
          0.4295765531790274,
          0.4295765531790274,
          0.4295765531790274
        ],
        "ci_low": 0.4295765531790273,
        "ci_high": 0.4295765531790273
      },
      "n_seeds": 5
    },
    "Mean-pool MIL": {
      "id_f1": {
        "mean": 0.7504490246067403,
        "std": 0.010733173579902111,
        "per_seed": [
          0.7322623828647925,
          0.7637540453074434,
          0.7566539923954373,
          0.7535853976531942,
          0.7459893048128342
        ],
        "ci_low": 0.7404985360336175,
        "ci_high": 0.7588802946117912
      },
      "id_auc": {
        "mean": 0.9310463390165236,
        "std": 0.0030020845253352847,
        "per_seed": [
          0.9253846244873756,
          0.9326793741872624,
          0.9306190149984156,
          0.9329351111765611,
          0.9336135702330032
        ],
        "ci_low": 0.9280772917387091,
        "ci_high": 0.9331553474012783
      },
      "x_auc": {
        "mean": 0.995352915614783,
        "std": 0.007934962141995957,
        "per_seed": [
          0.9795296527749038,
          0.9983368166204527,
          0.9999715474071927,
          0.9990067458510946,
          0.9999198154202706
        ],
        "ci_low": 0.9873794644704713,
        "ci_high": 0.9997475479038199
      },
      "hard_auc": {
        "mean": 0.6027311643835617,
        "std": 0.06253562673542888,
        "per_seed": [
          0.6751498287671233,
          0.5843321917808219,
          0.49168450342465747,
          0.6286815068493151,
          0.6338077910958905
        ],
        "ci_low": 0.5469071061643834,
        "ci_high": 0.6493193493150685
      },
      "hit@1": {
        "mean": 0.3564356435643564,
        "std": 0.0,
        "per_seed": [
          0.3564356435643564,
          0.3564356435643564,
          0.3564356435643564,
          0.3564356435643564,
          0.3564356435643564
        ],
        "ci_low": 0.3564356435643564,
        "ci_high": 0.3564356435643564
      },
      "hit@5": {
        "mean": 0.504950495049505,
        "std": 0.0,
        "per_seed": [
          0.504950495049505,
          0.504950495049505,
          0.504950495049505,
          0.504950495049505,
          0.504950495049505
        ],
        "ci_low": 0.504950495049505,
        "ci_high": 0.504950495049505
      },
      "hit@10": {
        "mean": 0.5841584158415841,
        "std": 0.0,
        "per_seed": [
          0.5841584158415841,
          0.5841584158415841,
          0.5841584158415841,
          0.5841584158415841,
          0.5841584158415841
        ],
        "ci_low": 0.5841584158415841,
        "ci_high": 0.5841584158415841
      },
      "mrr": {
        "mean": 0.4295765531790273,
        "std": 5.551115123125783e-17,
        "per_seed": [
          0.4295765531790274,
          0.4295765531790274,
          0.4295765531790274,
          0.4295765531790274,
          0.4295765531790274
        ],
        "ci_low": 0.4295765531790273,
        "ci_high": 0.4295765531790273
      },
      "n_seeds": 5
    },
    "Gated-attn MIL": {
      "id_f1": {
        "mean": 0.7274193260153103,
        "std": 0.0076308366832274314,
        "per_seed": [
          0.7204724409448819,
          0.73053152039555,
          0.7364953886693018,
          0.7330779054916986,
          0.7165193745751189
        ],
        "ci_low": 0.7206216940323874,
        "ci_high": 0.7339356217435101
      },
      "id_auc": {
        "mean": 0.9197505216640127,
        "std": 0.0032525054544969233,
        "per_seed": [
          0.9182936754730477,
          0.9206518466314376,
          0.9242893601578863,
          0.9210318362967707,
          0.914485889760922
        ],
        "ci_low": 0.9165566362105169,
        "ci_high": 0.9223627205156288
      },
      "x_auc": {
        "mean": 0.9988598270082358,
        "std": 0.0012574272197155615,
        "per_seed": [
          0.9991050366262467,
          0.9963787609154492,
          0.9996663286843521,
          0.9996689152836983,
          0.9994800935314323
        ],
        "ci_low": 0.9975820469312584,
        "ci_high": 0.9996301162935065
      },
      "hard_auc": {
        "mean": 0.6283240582191781,
        "std": 0.12476083015212726,
        "per_seed": [
          0.44599743150684934,
          0.589041095890411,
          0.5877140410958903,
          0.8186429794520549,
          0.7002247431506851
        ],
        "ci_low": 0.5254516267123288,
        "ci_high": 0.7441138698630138
      },
      "hit@1": {
        "mean": 0.38811881188118813,
        "std": 0.03980148760839957,
        "per_seed": [
          0.44554455445544555,
          0.40594059405940597,
          0.36633663366336633,
          0.39603960396039606,
          0.32673267326732675
        ],
        "ci_low": 0.35049504950495053,
        "ci_high": 0.41980198019801984
      },
      "hit@5": {
        "mean": 0.7544554455445545,
        "std": 0.054374377099984064,
        "per_seed": [
          0.7623762376237624,
          0.7326732673267327,
          0.8217821782178217,
          0.7920792079207921,
          0.6633663366336634
        ],
        "ci_low": 0.702970297029703,
        "ci_high": 0.7980198019801981
      },
      "hit@10": {
        "mean": 0.8673267326732674,
        "std": 0.018363600981179628,