{
  "metadata": {
    "seeds": [
      42,
      1,
      7
    ],
    "epochs": 8,
    "bs": 64,
    "lr": 0.001,
    "contrast_weight": 0.3,
    "use_contrast": true,
    "device": "cpu",
    "timestamp": "2026-07-01 05:48:57"
  },
  "counts": {
    "train": 11136,
    "test": 2785,
    "ptx_pos": 292,
    "ptx_neg": 240,
    "normal_eoa_neg": 1324,
    "total_neg": 1564,
    "seeds": [
      42,
      1,
      7
    ]
  },
  "io_embed": {
    "in_domain": {
      "precision": {
        "mean": 0.7067643985314486,
        "std": 0.02628290789481162,
        "per_seed": [
          0.7263556116015133,
          0.6696132596685083,
          0.7243243243243244
        ]
      },
      "recall": {
        "mean": 0.7676496872207328,
        "std": 0.038437557046660506,
        "per_seed": [
          0.7721179624664879,
          0.8123324396782842,
          0.7184986595174263
        ]
      },
      "f1": {
        "mean": 0.7346794292136899,
        "std": 0.011086715843843905,
        "per_seed": [
          0.7485380116959064,
          0.7341005451241672,
          0.721399730820996
        ]
      },
      "auc": {
        "mean": 0.9196267072690226,
        "std": 0.0009526254508512671,
        "per_seed": [
          0.9192107785580641,
          0.9209443992284501,
          0.9187249440205536
        ]
      },
      "aupr": {
        "mean": 0.806860081040802,
        "std": 0.0011646641405204923,
        "per_seed": [
          0.8076938653368654,
          0.8052130398566573,
          0.8076733379288836
        ]
      }
    },
    "cross_domain": {
      "auc": 0.9702674473601233,
      "auc_ci": [
        0.9632235401318413,
        0.9767133113931428
      ],
      "aupr": 0.8643815626922302,
      "by_source": {
        "ptx_benign": {
          "auc": 0.8231378424657535,
          "aupr": 0.9320712531575442,
          "n_neg": 80
        },
        "normal_eoa": {
          "auc": 0.999663742085006,
          "aupr": 0.9986206565936143,
          "n_neg": 1324
        }
      },
      "stratified": {
        "3-20": {
          "auc": 0.9923747276688453,
          "n": 1363
        },
        "20-100": {
          "auc": 0.9655269452652314,
          "n": 241
        },
        "100+": {
          "auc": 0.7838612368024133,
          "n": 232
        }
      }
    },
    "loc_attention": {
      "hit@1": 0.18835616438356165,
      "hit@5": 0.4623287671232877,
      "hit@10": 0.5993150684931506,
      "mrr": 0.32917906043527984,
      "n": 292
    },
    "epoch_losses": [
      [
        0.46639550006252595,
        0.3273311486018115,
        0.2697603312888365,
        0.22446945647912464,
        0.17971034166028446,
        0.14236090083916983,
        0.11392228257167956,
        0.09087910376831718
      ],
      [
        0.46141648087008247,
        0.32847662064535865,
        0.27005485706459514,
        0.2202874788607674,
        0.17709124657785755,
        0.13906849892917036,
        0.10907514693065622,
        0.08711514155241265
      ],
      [
        0.4674520783725826,
        0.3366859656298298,
        0.2744047287209281,
        0.22174501842979727,
        0.17794653602030086,
        0.14022756038212228,
        0.10965781078684604,
        0.08578376544789336
      ]
    ]
  },
  "hardmask": {
    "in_domain": {
      "precision": {
        "mean": 0.6981045360127004,
        "std": 0.01475556503718147,
        "per_seed": [
          0.7169559412550067,
          0.6809290953545232,
          0.6964285714285714
        ]
      },
      "recall": {
        "mean": 0.7327971403038428,
        "std": 0.010963220863615107,
        "per_seed": [
          0.7198391420911529,
          0.7466487935656837,
          0.7319034852546917
        ]
      },
      "f1": {
        "mean": 0.7147987846197564,
        "std": 0.0026105911629070084,
        "per_seed": [
          0.7183946488294315,
          0.7122762148337596,
          0.7137254901960784
        ]
      },
      "auc": {
        "mean": 0.9091850996716836,
        "std": 0.0009731537372386682,
        "per_seed": [
          0.9099490235317476,
          0.9097945294636623,
          0.9078117460196411
        ]
      },
      "aupr": {
        "mean": 0.7759116205617965,
        "std": 0.003492731963598324,
        "per_seed": [
          0.776234929928455,
          0.7714814335611028,
          0.7800184981958318
        ]
      }
    },
    "cross_domain": {
      "auc": 0.9211868934589916,
      "auc_ci": [
        0.9080731218595788,
        0.9336370493337866
      ],
      "aupr": 0.6802159194339709,
      "by_source": {
        "ptx_benign": {
          "auc": 0.6623501712328768,
          "aupr": 0.8928029308253466,
          "n_neg": 80
        },
        "normal_eoa": {
          "auc": 0.9838285808881347,
          "aupr": 0.9350758939070846,
          "n_neg": 1324
        }
      },
      "stratified": {
        "3-20": {
          "auc": 0.9339897575191694,
          "n": 1363
        },
        "20-100": {
          "auc": 0.8716758125791473,
          "n": 241
        },
        "100+": {
          "auc": 0.6630090497737556,
          "n": 232
        }
      }
    },
    "loc_attention": {
      "hit@1": 0.2910958904109589,
      "hit@5": 0.5787671232876712,
      "hit@10": 0.6815068493150684,
      "mrr": 0.4289949814065752,
      "n": 292
    },
    "epoch_losses": [
      [
        0.47523599075174877,
        0.3356299760012791,
        0.2746841614188134,
        0.21976605100535798,
        0.17309162594463634,
        0.13481213631986202,
        0.10111291184165012,
        0.07325149324305098
      ],
      [
        0.47758839253721563,
        0.3285326173250703,
        0.2671856237468363,
        0.21315925812412953,
        0.16489968256189905,
        0.1258382487228547,
        0.09362863611173013,
        0.06997741056584764
      ],
      [
        0.48561932900171173,
        0.3361916060762844,
        0.27078338524048357,
        0.21466213443327223,
        0.16835533729058572,
        0.12818221497381554,
        0.09656771725236342,
        0.07198058750116448
      ]
    ]
  },
  "none": {
    "in_domain": {
      "precision": {
        "mean": 0.6981045360127004,
        "std": 0.01475556503718147,
        "per_seed": [
          0.7169559412550067,
          0.6809290953545232,
          0.6964285714285714
        ]
      },
      "recall": {
        "mean": 0.7327971403038428,
        "std": 0.010963220863615107,
        "per_seed": [
          0.7198391420911529,
          0.7466487935656837,
          0.7319034852546917
        ]
      },
      "f1": {
        "mean": 0.7147987846197564,
        "std": 0.0026105911629070084,
        "per_seed": [
          0.7183946488294315,
          0.7122762148337596,
          0.7137254901960784
        ]
      },
      "auc": {
        "mean": 0.9091850996716836,
        "std": 0.0009731537372386682,
        "per_seed": [
          0.9099490235317476,
          0.9097945294636623,
          0.9078117460196411
        ]
      },
      "aupr": {
        "mean": 0.7759116205617965,
        "std": 0.003492731963598324,
        "per_seed": [
          0.776234929928455,
          0.7714814335611028,
          0.7800184981958318
        ]
      }
    },
    "cross_domain": {
      "auc": 0.9212011263707389,
      "auc_ci": [
        0.9081334337389128,
        0.9335453957199449
      ],
      "aupr": 0.6789291690505482,
      "by_source": {
        "ptx_benign": {
          "auc": 0.6659032534246576,
          "aupr": 0.8939302286604507,
          "n_neg": 80
        },
        "normal_eoa": {
          "auc": 0.9842527831808965,
          "aupr": 0.936497377744065,
          "n_neg": 1324
        }
      },
      "stratified": {
        "3-20": {
          "auc": 0.9354893472540531,
          "n": 1363
        },
        "20-100": {
          "auc": 0.8719572252708596,
          "n": 241
        },
        "100+": {
          "auc": 0.6603318250377075,