{
  "metadata": {
    "description": "UnifiedTMIL v2 SOTA experiments",
    "seeds": [
      42,
      1337
    ],
    "timestamp": "2026-07-01 08:11:35",
    "device": "cpu",
    "quick_mode": true
  },
  "configs": {
    "v2_best": {
      "config": {
        "lambda_c": 0.1,
        "lambda_e": 0.02,
        "use_focal": true,
        "use_hard_mining": true,
        "use_residual_skip": true,
        "use_dilated_tcn": false,
        "use_uncertainty_weight": false,
        "epochs": 10,
        "bs": 64,
        "lr": 0.001,
        "direction_mode": "io_embed",
        "description": "v2 best: focal loss + hard mining + residual skip + lambda_c=0.1"
      },
      "seeds": [
        42,
        1337
      ],
      "in_domain": {
        "precision": {
          "mean": 0.7025864642415455,
          "std": 0.01878758155998128,
          "per_seed": [
            0.7213740458015268,
            0.6837988826815642
          ]
        },
        "recall": {
          "mean": 0.7902144772117963,
          "std": 0.030160857908847205,
          "per_seed": [
            0.760053619302949,
            0.8203753351206434
          ]
        },
        "f1": {
          "mean": 0.7430477658817858,
          "std": 0.002838888597190503,
          "per_seed": [
            0.7402088772845953,
            0.7458866544789763
          ]
        },
        "auc": {
          "mean": 0.921666412463661,
          "std": 0.00028088336421017157,
          "per_seed": [
            0.9213855290994508,
            0.9219472958278712
          ]
        },
        "aupr": {
          "mean": 0.8051776100984759,
          "std": 0.005702087846226056,
          "per_seed": [
            0.8108796979447019,
            0.7994755222522498
          ]
        }
      },
      "hard_auc": {
        "mean": 0.8288206335616439,
        "std": 0.06011344178082195,
        "per_seed": [
          0.7687071917808219,
          0.8889340753424658
        ]
      },
      "cross_domain": {
        "auc": 0.7369232386224294,
        "auc_ci": [
          0.699363289379294,
          0.7696351308505182
        ],
        "aupr": 0.5078106314509787
      },
      "loc_attention": {
        "hit@1": 0.10616438356164383,
        "hit@5": 0.4965753424657534,
        "hit@10": 0.684931506849315,
        "mrr": 0.2666235989228756,
        "n": 292
      },
      "epoch_losses": [
        [
          0.05082668010578599,
          0.03207690884727378,
          0.025975678605568965,
          0.021867361846704816,
          0.017913606643763392,
          0.014064353994678619,
          0.010549646801163636,
          0.008018533225972638,
          0.005716197654269202,
          0.004279030349138084
        ],
        [
          0.05478406718303991,
          0.03224702018291451,
          0.02652045981741922,
          0.021945820813781994,
          0.01787983399144439,
          0.01384293716184275,
          0.012027126060105687,
          0.008488197382647803,
          0.006029355881172557,
          0.0044619648714636475
        ]
      ]
    }
  }
}