{
  "seeds": [
    42,
    1337,
    7,
    99,
    2024
  ],
  "tmil_multi_seed": {
    "in_domain": {
      "f1": [
        0.7439770640171346,
        0.005205998626272585
      ],
      "f1_ci": [
        0.739146946365926,
        0.7487436281133164
      ],
      "auc": [
        0.9191840215003149,
        0.0024557434218611023
      ],
      "auc_ci": [
        0.9171230048899016,
        0.921458371408999
      ],
      "per_seed": [
        0.7458745874587459,
        0.7439670394349618,
        0.7422434367541766,
        0.7519280205655527,
        0.7358722358722358
      ]
    },
    "hard_auc": {
      "mean": 0.6964083904109589,
      "std": 0.14759675750380047,
      "ci": [
        0.5606506849315068,
        0.8215796232876713
      ],
      "per_seed": [
        0.4609375,
        0.6434289383561643,
        0.7770119863013698,
        0.9065710616438357,
        0.6940924657534246
      ]
    },
    "x_auc": {
      "mean": 0.9812395113764977,
      "std": 0.009366899089338358,
      "ci": [
        0.9722953986652616,
        0.9887798559887602
      ],
      "per_seed": [
        0.9652216758381141,
        0.9794154665730008,
        0.9863964992389649,
        0.9935714494789837,
        0.9815924657534247
      ]
    }
  },
  "tmil_ensemble": {
    "in_domain": {
      "precision": 0.7290748898678414,
      "recall": 0.8873994638069705,
      "f1": 0.8004836759371221,
      "auc": 0.9546504029336781,
      "aupr": 0.8831560254898043,
      "threshold": 0.44000000000000006
    },
    "hard_auc": 0.8566352739726028,
    "x_auc": 0.991645689419662
  },
  "stacked_model": {
    "in_domain": {
      "precision": 0.757192174913694,
      "recall": 0.8820375335120644,
      "f1": 0.8148606811145511,
      "auc": 0.9614872585126231,
      "aupr": 0.8988815170851181,
      "threshold": 0.55
    },
    "hard_auc": 0.7095462328767123,
    "x_auc": 0.9822010498380361
  }
}