{
  "config": {
    "lambda_c": 0.15,
    "lambda_e": 0.02,
    "use_focal": true,
    "use_hard_mining": true,
    "use_residual_skip": true,
    "use_dilated_tcn": false,
    "use_uncertainty_weight": false,
    "epochs": 10,
    "bs": 64,
    "lr": 0.001,
    "direction_mode": "io_embed",
    "description": "v2 lambda_c=0.15 grid search"
  },
  "seeds": [
    42,
    1337,
    7,
    99,
    2024
  ],
  "in_domain": {
    "precision": {
      "mean": 0.691781921187089,
      "std": 0.014965318475698612,
      "per_seed": [
        0.7048780487804878,
        0.6649048625792812,
        0.7007389162561576,
        0.6860068259385665,
        0.7023809523809523
      ]
    },
    "recall": {
      "mean": 0.7959785522788203,
      "std": 0.028136087392909764,
      "per_seed": [
        0.774798927613941,
        0.8431635388739946,
        0.7627345844504021,
        0.8083109919571045,
        0.7908847184986595
      ]
    },
    "f1": {
      "mean": 0.7396545669486401,
      "std": 0.005046997933840007,
      "per_seed": [
        0.7381864623243933,
        0.7434988179669031,
        0.730423620025674,
        0.7421538461538462,
        0.7440100882723834
      ]
    },
    "auc": {
      "mean": 0.9216920190336693,
      "std": 0.0012686967922039773,
      "per_seed": [
        0.9205197048966073,
        0.9218404648233443,
        0.9209292785324247,
        0.9240809575213629,
        0.9210896893946069
      ]
    },
    "aupr": {
      "mean": 0.8065970322974432,
      "std": 0.006768937457579931,
      "per_seed": [
        0.8117697016516592,
        0.7950693272285503,
        0.8028944521755584,
        0.8100194216210205,
        0.8132322588104273
      ]
    }
  },
  "hard_auc": {
    "mean": 0.8495376712328767,
    "std": 0.03332879973968618,
    "per_seed": [
      0.8430650684931507,
      0.9044948630136987,
      0.854708904109589,
      0.845355308219178,
      0.8000642123287671
    ]
  },
  "cross_domain": {
    "auc": 0.7413901832323162,
    "auc_ci": [
      0.7040238712161417,
      0.7747373988386649
    ],
    "aupr": 0.53593789583406
  },
  "loc_attention": {
    "hit@1": 0.11301369863013698,
    "hit@5": 0.4315068493150685,
    "hit@10": 0.6541095890410958,
    "mrr": 0.2602925080183539,
    "n": 292
  },
  "epoch_losses": [
    [
      0.053244312254841934,
      0.03240417758392733,
      0.02632785098150719,
      0.022230375367541647,
      0.018367259895299064,
      0.014420337608993746,
      0.010872028460509555,
      0.008410760268655627,
      0.005475402528658336,
      0.004261662484942611
    ],
    [
      0.05721944167690222,
      0.03245093358983827,
      0.026782641650805638,
      0.022010121052694877,
      0.0180458263450757,
      0.014213482260184233,
      0.010416905083801857,
      0.007635627624708726,
      0.005153642118323681,
      0.003998838855105258
    ],
    [
      0.05768876479462136,
      0.03260137374664462,
      0.02656466301184061,
      0.022041580366880396,
      0.018052864341108605,
      0.015430069929205401,
      0.010874941929914924,
      0.00804506143620021,
      0.005661240294250811,
      0.0039047196918968546
    ],
    [
      0.055079986752812254,
      0.0316676577423201,
      0.026143705251431743,
      0.02132778020878864,
      0.017283722840596077,
      0.01396644146636475,
      0.010543612847754428,
      0.00754276295300833,
      0.006622683053814568,
      0.0054470027109261515
    ],
    [
      0.053295516707869466,
      0.031576165335989274,
      0.025808441205773244,
      0.021419161601468575,
      0.017646741264954555,
      0.01354631498282732,
      0.009911723346124555,
      0.007417885077099294,
      0.005200034844537461,
      0.004064046825569253
    ]
  ]
}