{
  "config": {
    "lambda_c": 0.1,
    "lambda_e": 0.04,
    "use_focal": true,
    "use_hard_mining": true,
    "use_residual_skip": true,
    "use_dilated_tcn": false,
    "use_uncertainty_weight": false,
    "epochs": 10,
    "bs": 64,
    "lr": 0.001,
    "direction_mode": "io_embed",
    "description": "v2 lambda_e=0.04 grid search"
  },
  "seeds": [
    42,
    1337,
    7,
    99,
    2024
  ],
  "in_domain": {
    "precision": {
      "mean": 0.6983316836734262,
      "std": 0.013114879735818178,
      "per_seed": [
        0.7225806451612903,
        0.6929411764705883,
        0.6934306569343066,
        0.6991473812423873,
        0.6835585585585585
      ]
    },
    "recall": {
      "mean": 0.777479892761394,
      "std": 0.021993720431092437,
      "per_seed": [
        0.7506702412868632,
        0.789544235924933,
        0.7640750670241286,
        0.7694369973190348,
        0.8136729222520107
      ]
    },
    "f1": {
      "mean": 0.7354131706241945,
      "std": 0.005348361187595902,
      "per_seed": [
        0.7363576594345825,
        0.7380952380952381,
        0.7270408163265306,
        0.7326100829610721,
        0.7429620563035496
      ]
    },
    "auc": {
      "mean": 0.9211571408473113,
      "std": 0.0007567169085829332,
      "per_seed": [
        0.9219975885776948,
        0.9204874912398576,
        0.9221527400673463,
        0.9207096997292739,
        0.9204381846223837
      ]
    },
    "aupr": {
      "mean": 0.8056051164887096,
      "std": 0.007621657619153418,
      "per_seed": [
        0.8124355178552244,
        0.7955710493148123,
        0.8040958866073802,
        0.799907746303119,
        0.8160153823630123
      ]
    }
  },
  "hard_auc": {
    "mean": 0.8515496575342466,
    "std": 0.041897236689905325,
    "per_seed": [
      0.8757277397260274,
      0.9086044520547945,
      0.8573630136986301,
      0.8316352739726027,
      0.7844178082191782
    ]
  },
  "cross_domain": {
    "auc": 0.783324720596994,
    "auc_ci": [
      0.7498611422445727,
      0.8147888950985008
    ],
    "aupr": 0.5821397144426076
  },
  "loc_attention": {
    "hit@1": 0.11301369863013698,
    "hit@5": 0.952054794520548,
    "hit@10": 0.9931506849315068,
    "mrr": 0.421540540889856,
    "n": 292
  },
  "epoch_losses": [
    [
      0.05455496794609136,
      0.0322670481665883,
      0.026202630048054596,
      0.022092542314338822,
      0.018082592086216737,
      0.014224631368550797,
      0.010596231611575498,
      0.008117155314336509,
      0.005909827294851502,
      0.004346656474977905
    ],
    [
      0.06141925718375417,
      0.03383990660483061,
      0.02758962923097749,
      0.02271027996876212,
      0.019295991939860722,
      0.014799929286764804,
      0.010810472995995782,
      0.00813462494731729,
      0.010187852102180206,
      0.005429437322282168
    ],
    [
      0.058972648860410204,
      0.03229559628769409,
      0.02635287052496921,
      0.02139164205034112,
      0.017940049453876738,
      0.014326738568326069,
      0.011148710118953225,
      0.008142303393309026,
      0.00613403481940284,
      0.004628648025086583
    ],
    [
      0.059310791528848716,
      0.03268528446381868,
      0.026685293322039207,
      0.022384827471403187,
      0.017198807488433842,
      0.01418398263496022,
      0.010626295473166677,
      0.007584099154269626,
      0.00623135463155936,
      0.004842014607924665
    ],
    [
      0.0532992479846228,
      0.030821594860144824,
      0.0251979892466997,
      0.02078273204956637,
      0.01694235097357007,
      0.013307646123779028,
      0.009530393118147067,
      0.007371976495135662,
      0.005368064573511135,
      0.003936388938509058
    ]
  ]
}